{
  "bindings": [
    {
      "type": "httpTrigger",
      "methods": [
        "get",
        "post",
        "put",
        "delete"
      ],
      "direction": "in",
      "name": "httpReq"
    },
    {
      "type": "cosmosDB",
      "connectionStringSetting": "CosmosDBConnection",
      "databaseName": "db1",
      "collectionName": "c1",
      "id": "{Query.id}",
      "partitionKey": "{Query.country}",
      "direction": "in",
      "name": "dbReq"
    },
    {
      "type": "http",
      "direction": "out",
      "name": "$return"
    }
  ]
}