{
  "bindings": [
    {
      "type": "httpTrigger",
      "route": "c1/{country}",
      "methods": [
        "get",
        "post",
        "put",
        "delete"
      ],
      "direction": "in",
      "name": "httpReq"
    },
    {
      "type": "cosmosDB",
      "connectionStringSetting": "CosmosDBConnection",
      "databaseName": "db1",
      "collectionName": "c1",
      "sqlQuery": "select * from c1 where c1.country \u003d {country}",
      "direction": "in",
      "name": "dbReq"
    },
    {
      "type": "http",
      "direction": "out",
      "name": "$return"
    }
  ]
}