{
  "bindings": [
    {
      "type": "httpTrigger",
      "methods": [
        "get",
        "post",
        "put",
        "delete"
      ],
      "direction": "in",
      "name": "req"
    },
    {
      "type": "twilioSms",
      "from": "+12069845840",
      "accountSidSetting": "AzureWebJobsTwilioAccountSid",
      "authTokenSetting": "AzureWebJobsTwilioAuthToken",
      "direction": "out",
      "name": "tb"
    },
    {
      "type": "http",
      "direction": "out",
      "name": "$return"
    }
  ]
}